id,puzzle,solution,clues,difficulty
0,..7........2.43.9.1..8.9.2.....9647.4.3............2.....1..5..9......6.5...78...,397621854852743691146859723215396478473285916689417235734162589928534167561978342,23,2.1
1,4.1.8375...9...8.............31.9.46....453.......2.........2..75.......8.6....34,461283759379456821528791463283179546917645382645832917134968275752314698896527134,24,3.3
2,..69...53..48..1...9..57.8...2.4..6............5.96.71567......8.......6........9,786914253354862197291357684912748365678531942435296871567129438829473516143685729,25,2.2
3,..1.5.3..58...9..164..13...9...321..8.....67....97.........5.8..1....7...........,291458367583769241647213598976832154832541679154976832769125483318694725425387916,24,3.5
4,....8.4.5.42....3.87.3.49.2....73.......5...9583......1..86............8.6.7.5..3,391682475642597831875314962429173586716458329583926714134869257957231648268745193,27,3.0
5,4.2..6.3..5..347.....51....3..........7.5..2.2.8.9..148....12...3...........6..7.,472986135159234768683517492315642987947158326268793514896471253731825649524369871,25,2.6
6,.69.........2..6..843..6....1...37...3.....59..4.52.6..5.46..8........7...1.8...3,269538417175249638843176295516893724732614859984752361357461982498325176621987543,26,2.4
7,.9.7.2....7.4...9...8...5.2..2.3....7....9........1628...9....7........6.26...3..,193752864275468193648193572582634719761289435439571628354916287817325946926847351,23,2.1
8,..........5.....1.67..89.2..83...7...2..78...5..1.68...92....7.4..32.......9.....,834612957259743618671589324183295746926478531547136892392861475465327189718954263,24,2.6
9,...5.8.......3.6...452.....1....48.796.1....2..7....6..7..1.2.86.9...1.........3.,316578429792431685845296713123964857968157342457382961574613298639825174281749536,25,2.3
10,..9..2.16.3..16..4.....7...5.6....8......9.67.7......3.1.....392.4.6.....9..81...,459832716738516294162497358526374981843129567971658423617245839284963175395781642,26,3.4
11,1....5.4.....84..9...39.....2.4..9..37.6.......9...7.5........6..39..2..58...2...,198275643637184529254396817826457931375619482419823765942538176763941258581762394,24,3.3
12,28....9...93..2.......8.4.3.65...71.3..5...4.......6.....2......1.87......96..15.,284356971793142586651987423965423718378561249142798635537219864416875392829634157,25,2.7
13,..3.4...2....5...3.59..3.1.1...72.9.79.8...4..........2..31.8.6.8.5......7.......,613748952827951463459263718168472395792835641534196287245319876986527134371684529,25,2.3
14,..1.9......8..163..3...7...9..6..7.286...2.9.1....8......2...64....7....4...8.1..,621593478798421635534867219943615782865742391172938546317259864286174953459386127,25,2.3
15,..........53871.....7...1.8...7..5.2.2..59......2.4...4.....6.7.9.3..2...364.28..,841625379953871426267943158189736542624159783375284961412598637598367214736412895,27,2.8
16,..24.5.3.........7.9..6....24......95....98.....23.....71..23...5...6.4.....5..8.,782495136635821497194763258243518679517649823869237514471982365358176942926354781,24,2.6
17,....165...63..2..81......2.73.....8...92.....8...9...538.1......248...7.....63...,298316547463572918157984623732645189519238764846791235385127496624859371971463852,26,2.9
18,.9.......4.7..9...86..4..15.2...5...5.8.9..7.7..2.....1.....28.....63.....68.14..,395182647417659328862347915629715834538496172741238569153974286284563791976821453,26,3.3
19,...4..386..1.9.4.........1..2......4.........49.7..83.3.9.2....84.5..9...1...8.2.,957412386281693457634875219128359674763284195495761832379126548842537961516948723,25,2.8
20,6...2...4..........47..58.2.....95.8.9.6.4...78.....6.1...42..5......7....5.7..3.,619827354852431697347965812263719548591684273784253169176342985438596721925178436,25,2.6
21,.3...4.....561....1....9.4.5....6..1.83..5...2..4....76.....3...2.3..7........5.8,836524179495617283172839645549276831783195426261483957657948312928351764314762598,24,2.1
22,9..57.4.......3.....8.9....2...54..9.1...6845........3...7..3..4....2......6...71,931578462754263198628491537286354719317926845549817623162789354475132986893645271,24,2.7
23,..4....7.2......1..6174.8.5.....3.9.1.5.6..........1..52.8..6.7..........3.956...,954281376278635419361749825682173594195462783743598162529814637416327958837956241,25,3.5
24,.28......6...3..4.7.....8.9...17..6.2...96....5........7...9..8.1.7.2..3......42.,328954176691837245745621839489175362237496581156283794572349618814762953963518427,24,3.1
25,4381......6..43.8...1...2...1..8..6.3...9.......4.25......1...7.2.5.43.........5.,438129675562743981791856234214385769375691842986472513653918427127564398849237156,25,2.8
26,...42....5......9......7..1..........845...26..91..8..672.9..3.....1...7.9..4...8,968421573517638492423957681256384719184579326739162845672895134845213967391746258,24,2.3
27,.12.693..57..........1...5........727....19....3.7........43.....8..5.3.9..718..5,812569347579432186364187259691354872745821963283976514157243698428695731936718425,26,2.5
28,...7.59..1.349.....7..6...........52..4...8.753...21..61.5.......7.....8...1.9...,846715923123498675975263481781946352264351897539872164618537249397624518452189736,25,3.2
29,........4.7..2.8356.5......5....6..9..1.9.2763....2........8.....94........7...1.,238957164974621835615384792527146389841593276396872451153268947789415623462739518,23,2.1
30,6..1..5....72......5..8.4.1..2.....8...54......9....6...5....3....61..4..9.4....7,684137529917254386253986471472369158861542793539871264145798632728613945396425817,23,2.1
31,....9..8.3..1.8......7..6.3...53.9.......68..19....7..9.5...3.62.........1.652...,672493581359168247481725693728531964534976812196284735945817326267349158813652479,25,2.5
32,3419.....8....6.......7...927..6538........6.1....9.5.734........6.8.2.4.......3.,341928675897546123625371849279465381453817962168239457734692518516783294982154736,26,3.2
33,.......4665...21.....9....8.8.......76..83.....2...9..1.85....9......76..4.39....,891735246653842197427961358384259671769183524512674983178526439935418762246397815,24,2.7
34,...41...2.253..87.......3....92...6..8...6..3..7......17.5...24....3......46.....,836417952425369871791852346349285167582176493617943285173598624268734519954621738,24,2.3
35,.3.7...9.1..5...2..97.....6.....4..7.7..6....82....1..........8..2.15...6...2..5.,536782491148596723297431586961254837375168942824973165753649218482315679619827354,23,2.7
36,4...1.7...57.......6.8.......8.6......6..3..9...95.6.....4.5.93.9.3.2.1.......4.8,489516732357249861162837945928164357546723189713958624671485293894372516235691478,25,2.3
37,........2.....986..6.7....1..2.5..7....4.....85.3.16......92.......1..36..4...92.,493186752175239864268745391642958173931467285857321649386592417729814536514673928,24,2.8
38,...7..5....9..8.6..5.3......9..3.67.2........4.1...8...4..2.9.5.......2.5.3..9..1,682791543319458267754362198895134672267985314431276859146827935978513426523649781,24,2.3
39,21..9...4..56...1..........9.2.863..........5..4.12.............3...42767....8.9.,217895634845637912693241587972586341361479825584312769429763158138954276756128493,24,2.1
40,1..3..6.96...95..8...1..2..5.7..8....4.5.2..........7...8.4...32..........6....5.,125387649634295718879164235567438192941572386382916574758641923213859467496723851,23,3.0
41,4...6.9......1..3..73....4...21.....18...3....3.....78..8...31....89.4...4...67..,415368927829417536673952841792184653186573294534629178268745319357891462941236785,25,2.9
42,.....1.....35..94.7.2.....5.4.68..31.......575...2...82...3.......8.....3...54.8.,654391872813572946792468315947685231128943657536127498285739164479816523361254789,25,2.4
43,....8.....93....7.4..9...6..49........852.4......31....8....6.7.12.....36....4..9,561782934893146275427953861149867352378529416256431798984315627712698543635274189,24,2.9
44,...28.9.......3.8435....1....9..4..71.7........2..6.9.6..4..5...9....4...8..32...,476281935921653784358749162869314257137925846542876391613497528295168473784532619,25,3.0
45,..18..2.95.4.97....7..1..3..8......43..5.......9..2......1..3.6.....4.5...6...9..,631845279524397861978216435785639124342581697169472583297158346813964752456723918,24,3.2
46,5.1...6.8...98......3......6...95.....8..3..61..8...4....7..85..5..3.2.93......7.,591374628764982135283516794642195387978243516135867942416729853857431269329658471,25,3.3
47,3.4.6..19.5.8...2...94...5......8.....71..9....5.7..3..6......44.....8......9....,384265719756819423219437658931658247627143985845972136562781394493526871178394562,23,2.1
48,.2..43.8.1....5......89....7.....1........2..5..4...9.47..2.9....3..87.66..5..8..,925743681187265439364891572742639158839157264516482397478326915253918746691574823,25,2.9
49,.....6..7....1..965...93.8.....4...9..3...4..7....9.1.6.2.......5.8......4.2.7.61,931486257478512396526793184265148739193675428784329615612954873357861942849237561,25,2.9
50,......61....1.95.37............473...7..2685..2.......3.1.8..6..5.9..2...8...4...,935278614842169573716435928168547392479326851523891746391782465654913287287654139,25,2.1
51,.5.....2.......68.31...4...9.......5..768...2..49.2.....3..976..9.....3....1.7...,659378124472591683318264957926743815137685492584912376243859761791426538865137249,24,2.1
52,....925...3.1.......4..59.....8....7.8..5...4..53..6...2......5.....7...47..8.3..,867492513539178426214635978392864157186759234745321689628913745953247861471586392,23,2.4
53,..3.......6.....9.5..6.1.4....8....685...4..7....3..5..4.....3.....5.7..1.67.....,913548672468372195527691843374815926852964317691237458745186239289453761136729584,22,2.7
54,......31.....29..5..7....9......827.5134.....8....6...2...4.....9...5.2.6.......1,925764318386129745147853692469518273513472869872936154258641937791385426634297581,23,3.4
55,5.....8.....64......62.8..9.2.5...8........428.....3.129.4.7.1.7.......6.6.....9.,512379864987641235346258179623514987159783642874926351298467513731895426465132798,25,2.5
56,1..5.9.2..3....15..97.......1..2...68....6.7.7.3915......7...35.........3.....4..,146589723238674159597132684415827396829346571763915842984761235672453918351298467,25,3.3
57,...317.8.......7.43.......2.9..61...6.3.......5...927.98.4.6.....6.....7.1..5....,542317689861592734379684512798261345623745891154839276985476123436128957217953468,25,3.4
58,518.4..3........9...9..8...1...8.72.4.697.8..3...5...6.....62.....4.......3...15.,518749632732561498649238571195684723426973815387152946954316287871425369263897154,26,2.1
59,.312...6.4.............612.....74.38...8.1..6......9...73.......8..5..79.2..68...,731289465462517893958346127216974538395821746847635912573492681684153279129768354,25,2.6
60,............4.21.82...9..3...29......6...154.9...87..373...6...6....5.......2..7.,198573426573462198246198735312954867867231549954687213731846952629715384485329671,24,2.8
61,....34...7...5...3.....19.29..2...7...65.7.1.......8...1........2..79..568.......,162934758794852163358761942941283576836597214275416839519648327423179685687325491,23,3.1
62,......7.59......2..352.1....763.......3..8.94..2.....3...635..1...1...4..........,628943715914567328735281469476319852153728694892456173247635981389172546561894237,23,2.6
63,....6.......58..7..5...4..9..4..8....73.164.......51....2...3..6.....94...87.....,281967534946583271357124869124398756573216498869475123792641385615832947438759612,23,3.0
64,....8..6.5........3...7.4.......1..2....5..8..462...1..1....54.6.81..9.7.3......8,791485263564312879382976451875641392123759684946238715217893546658124937439567128,24,2.1
65,1....7..2...2.9.7..8...6..4..57...3....8..21.9...4.....5....3...9...456...75.....,139487652546219873782356194865721439473895216921643785654978321298134567317562948,25,2.5
66,1.479.....7......9...32..154.7....5.58..6..42........77....6.846.1...5.......2...,134795826275681439896324715467213958583967142912458367759136284621849573348572691,27,2.8
67,...8..2.3...7.3.486............29.6...2.....5..85..3....5..6..2...9..4......4..9.,749861253251793648683452179514329867372684915968517324495136782826975431137248596,23,3.0
68,....468.......12..83.2.5...6....4..1.....2..8..48..5..2.6.1..9.19..............4.,521946837467381259839275614682534971753192468914867523246718395195423786378659142,24,3.2
69,...5..3.6...7..2....6.9..5...2.6.......9.4..2..3..298..37.2.1...19...........5.3.,928541376351786294746293851192867543875934612463152987537429168619378425284615739,25,2.3
70,....92.........1.6...6.4.5....3...........9.4..2...7.1..72.5.9.58...6....6.7.35..,356192847794538126128674359941367285675821934832459761417285693583916472269743518,24,2.4
71,.852..1.7..2.1.........9.2.....9.2...13..74.......5..91..5.8....69...7...7......5,685243197792816534341759826856194273913627458427385619134578962569432781278961345,25,2.2
72,..3....6.7....5..3....1.4...6.28..3...5.....48.4........8....2.....413.7...32....,153492768749865213286713459967284531325176894814539672438957126592641387671328945,23,2.3
73,.3...2..72.....5..57.8.1.......1.4.98.4..7......3..8...........61.....85..7..3.1.,938452167241736598576891243723618459894527631165349872389165724612974385457283916,24,3.1
74,7.....4...56..38...3.87.5.9.73.....4.....5.26.1..87....6..5...14.....9.........3.,781592463956143872234876519573269184849315726612487395367958241428631957195724638,26,2.3
75,.2..4...39..1.....5.4..896.3...5..1.4..3.6.....5..........1.8.....8.479.6.7......,726945183938162574514738962372459618491386257865271349249617835153824796687593421,25,2.2
76,.8...65..6.4..7.3.1....9.7....2..3.17....8.....1...4..2...9..6.5.......8.4.......,387426519694517832152389674469275381735148296821963457273894165516732948948651723,23,2.1
77,7..1..8.......59.2.3...8........7.5..53.9..2.9................4.89.7..3..16.4...5,795124863861735942234968571628417359153896427947352618572683194489571236316249785,24,2.1
78,.6.9....3..8.......9..3....21....5.7.7...431....5....2.8.7..1....649...5......4..,761945283348276951592831674214389567875624319639517842483752196126498735957163428,24,3.1
79,.7.3.2.6....9...17.8..4.9....21....6..5.3....3...275..4......2..1....8.........45,579312468624985317183746952842159736765438291391627584457863129216594873938271645,25,2.6
80,.6......8...4.7.328...1...5..4..5.7..3..2..1..........67........1..46.27..3..85..,367592148951487632842613795294165873735829416186734259679251384518346927423978561,25,2.2
81,.....7........8.462..1..7.5...7.9..3.9.......7...1...43269...8.975.2....1........,634257918517398246289164735462789153891435672753612894326941587975823461148576329,25,3.3
82,.83..15...7.......49.7...1..61.73..2..........3....794....8.3......5...6..62.4...,683921547172345968495768213961473852547892631238516794714689325329157486856234179,25,2.9
83,.6........8..3..7.....47..1..84....3...2..9...5..1.46..3.5.......96...5.......8..,761852349984136572325947681198465723643278915257319468436581297879623154512794836,22,3.2
84,......97......54.6...8.1....7...9....98....623.214....2.....3...1.........63..781,125463978839725416764891235671289543498537162352146897287614359513978624946352781,25,2.7
85,.724.6...9.3..571...4...6.....85.3....7.34.5.............198..6......43...6.....9,572416893963285714814379625249851367687934152351627948435198276798562431126743589,26,2.5
86,....8.9..74...9.68...1.....8..36...75....1.2.....5..9..5.7.....1.74.....9342.....,325684971741529368698173254819362547573941826462857193256738419187495632934216785,26,2.9
87,.3.9....4..2.8..7......1....6...9.8.783...1...9..6..4....49.76.5..........9..751.,831972654452683971976541823164739285783254196295168347318495762527816439649327518,26,2.7
88,2.4..7.3..7.5...8.8.1..........9.5.4.2..7.3..6...2.7......5....1.....9.2..9..4...,264987135973541286851362497317896524428175369695423718732659841146738952589214673,24,3.4
89,.3.......45.8........4.2.695.....7...9.2....6..43..58......8..52....981...1......,632971458459863271817452369528146793793285146164397582346718925275639814981524637,24,3.4
90,1...62.7..3.4...1.6............54...4587........21.....8......1...6.3.895......62,194862375835479216627135948261354897458796123379218654986527431712643589543981762,25,2.5
91,..2...8..3...8.41.4..1.2.5..2..1...61..6..7....8...13.8..9....7.95......2..3...9.,512436879376589412489172653723815946154693728968247135831954267695721384247368591,27,3.0
92,2.....7.8.7..389...69............5...9...3.4.7.5.21..3....86..53..2......4..19...,253194768174638952869572134432967581691853247785421693927386415316245879548719326,26,2.3
93,...8....5....137.6.1.5....2..2....9..8.7..1...3...9....6...12....5.6....9......8.,273846915598213746416597832152638497689754123734129568367481259845962371921375684,23,2.9
94,.5..47.6...6.2.....7....2..43.....79..5.8..2......14..9..4..7..518.6.............,259147368386529147174638295431256879795384621862971453923415786518762934647893512,24,2.4
95,57......9.....3.1....6.73.4..........1..4....6.....2.52...548.1...76....48.....7.,573481629946523718128697354895236147712845963634179285267954831351768492489312576,24,3.0
96,3.....7....42...1..2.8...6..42.19...1...25..4..7....9..56392...49......5.........,381946752674253819925871463842619537139725684567438291756392148498167325213584976,26,3.0
97,.93.87..5..7..3...6..........6.9.8..7.2..1......4..72....2..41...........45.....3,193687245527143968684529137436792851752861394819435726378256419961374582245918673,23,2.9
98,..49...5.6.......9...3.24...18....7.......3..7....58..45...6.9......1....91.8....,124968753683754219975312486218643975546879321739125864457236198862491537391587642,23,2.6
99,..4....69...3.9..18...4........5...46....27......879..1...9.6....8.....5...1..2..,314728569527369841896541372789653124645912783231487956152894637978236415463175298,23,3.1
100,.....4...45...63.82..85..9..4..6...3....48..5......1.....21.5......8...7.31......,198324756457196328263857491749561283312948675685732149876219534524683917931475862,24,3.5
101,.....3....3..26974...4........8...67.87.1..9.9.....54..6..75...5......8.27......3,149783625835126974726459831354892167687514392912637548468375219593241786271968453,26,2.1
102,..67.4.19.7.81......46.3..........7.8.......4.2.....86.6.....58.31..........45...,286754319973812465154693827649581273817326594325479186462137958531968742798245631,24,3.1
103,.43..2.6...9......7...36....6.....12...27....1......45...4.3.....19...87......1..,543792861619548273782136954968354712354271698127689345876413529231965487495827136,23,2.6
104,18.....5......97..95...46....54.13..3.2....7.....6..9.....231.75............47...,187236954426159783953784612695471328312895476748362591869523147574618239231947865,25,2.4
105,..9...1.......267..7.4...8.2..9.......8.4...615..6...3..35.8...5.....7...4.....3.,329786154485132679671459382236915847798243516154867293963578421512394768847621935,24,2.1
106,.6..9...3..2......1........5..78.4.6...2..1...1............6.......38..142..5.8..,764892513392615784158374692539781426847269135216543978981426357675938241423157869,21,2.7
107,8..91.7...4.....5...2.5...3..41..2......32..6.6.........8......5.7.6...8....9.4..,856913724349627851712458693974186235185732946263549187428371569597264318631895472,23,2.1
108,2..85..........6....4..63.1...1........74..2.57..8......9..3.........8..325...96.,263851749157394682894276351642139578938745126571682493789563214416927835325418967,23,3.2
109,6...4.9...4...9.8....31..4.......79.58.6.....7.2..1..3..71.2...4...............27,635248971241759386879316245164523798583697412792481653957132864426875139318964527,24,3.5
110,....5...24...89.73672................87.....9...418....4.....1.89......6...1.38..,938756142415289673672341598364975281187632459529418367243867915891524736756193824,24,2.9
111,71.....8....3..9...36.............4...85.9.....72..1..68..2......47..3.2....6489.,719452683852376914436891257921637548348519726567248139685923471194785362273164895,25,2.1
112,3.9.....1...74..5....98...7.14...93...253..8.8........95...26..........8.....5...,379256841286741359541983267714628935692537184835194726958412673427369518163875492,24,2.2
113,.34...86..7.......2..4.........1..7....8....6..6..5.42.4....3..5823.7....1...8..5,134572869978163254265489713423916578751824936896735142649251387582347691317698425,25,2.4
114,...5..218..26..........1...4.........9.87...2..1...93.31.....9...6.4.......9.8..5,649537218152689473738421659427193586593876142861254937315762894986345721274918365,23,2.9
115,84..3...2....4.53...2....7......1.65.5......9..3.28..71.7..5..6.2.7............8.,845637192679142538312859674284971365751463829963528417197385246428716953536294781,25,3.2
116,5....4.......3.2.7.81.7......58...1.1...937...............4.37..32..85..8.......9,527684931496135287381279645975826413168493752243751896619542378732918564854367129,24,2.1
117,.49.7.3....3.....8...5.26...3....2..6......5...1..78.........4..7..68.....4.93...,549876321263149578817532694735684219698321457421957863386715942972468135154293786,23,2.7
118,....12......3...6.2......31..5.....4..7..8...3214.5........9.839...51....6.....75,736912548514387269289546731895723614647198352321465897452679183973851426168234975,25,3.2
119,..5.64...4.....273.........8......42...7......36...1....84.3...59.6.2.....4..8.1.,375264891469581273182397465857136942941725638236849157618473529593612784724958316,24,2.6
120,8..7...14..2.6.....4..35.9..........2...83..5.7..5....5..9..4....8...7.6.......58,853729614792164583641835297185697342269483175374251869536978421918542736427316958,24,2.6
121,...27...323..1...8......6......5....9413..........4.895.2.9......78..5....3..571.,685279143234516978179483625328957461941368257756124389562791834417832596893645712,26,2.5
122,.3..4.7..659......4....5.9....86..53..1..3..2.2.1..6....4...3.8.......2.....7....,132948765659217834478635291947862153561793482823154679794526318316489527285371946,24,2.8
123,28.6.................59.3......8...5.1..6..9.7.82.9..1...9.2.....4..1.6.1.2.4...9,287613954539428176641597328926184735413765892758239641865972413394851267172346589,25,2.2
124,..8...31..5..........3..8.......6...1.387..4..2..4....56.7......4.9...7...2..8..4,278469315356281497914357862487596231193872546625143789569734128841925673732618954,23,2.7
125,.....1..8......9..4...3...2.9.1..87....5.9...84...3.1..73....8.....7.5...6..54...,236491758781265943459837162392146875617589324845723619573912486924678531168354297,24,2.9
126,..2.....86...2...4.5....9...9..8..1......5.9..6.43...5..3718......6...7..1.39....,972543168681927534354861927495286713238175496167439285523718649849652371716394852,25,2.3
127,.2...5...7....25....47...86...5.3....3....7289.8.............1.4.6.3..7....17.6..,821365497769842531354791286172583964635914728948627153287456319416239875593178642,25,2.2
128,....9.1..9...4..5...6..74.....7..9..8....5.373.....6..2.95.1....1.8..59...49.....,745698123938142756126357489462783915891465237357219648279531864613874592584926371,26,2.3
129,2..9.6....1....7......2..5.6......14..31.42.8.........7........4.26983......3...9,275916843316485792948723156687352914593174268124869537739241685452698371861537429,24,2.8
130,...76......5..9..6.6..5.4..6...97.254..1......2.5.....5.76...8......3..91......7.,914768532375249816862351497681497325459132768723586941597614283246873159138925674,25,2.8
131,8.....6......5.2.731.2....8.6..84......6.3..5..9.......915...8..5..4..9.4....7...,872419653946358217315276948567184329284693175139725864791532486653841792428967531,25,2.6
132,...9....3.2543..1...6...........7..1......45...95.4.32...3...8..4..1.....81.6..4.,814952673725436918936871524453627891278193456169584732692345187547218369381769245,25,2.7
133,9...2.....27..4.9..8..1.......36...4.76....3...51.9..7.9.5...........28.......6..,961725348527834196384916752819367524476258931235149867698572413743691285152483679,23,3.4
134,.69...2.......34....27....1.83...1..2...4.6.7....5..9..1.4....97.65......2.8.7...,469185273178923465352764981583679142291348657647251398815436729736592814924817536,26,2.6
135,.....4.9..9..1..8....27..........86.93.4..2....4..6....4.3...5.....8.3..5....79..,321864795497513682865279413752931864936458271184726539648392157279185346513647928,23,2.5
136,..8..6.43.....9..85...4..2...152.4..2..6...3......75..75..83.............23....6.,918256743462379158537841629391528476275694831684137592756983214149762385823415967,25,2.1
137,...43........8.4....3..7.6...8.1423......25..7.236....6.....3.1...2.6.9.2......5.,876435912529681473413927865968514237134792586752368149645879321381256794297143658,26,2.1
138,1........324..7..6...9..8......615...71..249................3....52...8..1..7..52,189624735324857916756913824892461573671532498543798261267185349935246187418379652,24,2.2
139,....7..8....45.1....81..3.......2.9.4.......6.....984175..6....6.3..4......2.....,145973682236458179978126354381642795497815236562739841759361428623584917814297563,23,2.5
140,7...23..1.....1..8....9.74.....783...4...9..6..5.1.8..29...6..............6.5..1.,758423961934761528621895743169278354842539176375614892297186435513942687486357219,24,3.4
141,......7......6..317..31....1.2.79....4.83..1.......92.8.........9..23.58..6..7...,631295784289764531754318269162579843945832617378146925823951476497623158516487392,25,3.5
142,7369.......2.......5..4.1.3....574.........72.4.1......9....26.5.3.8...4.....4...,736912548412835697958746123369257481185463972247198356894371265523689714671524839,24,2.6
143,..7.5.1........8.35..3.8.2...9..2.3......6...8..5....4..2.67.........5.11..9....2,387254196924671853561398427619482735245736918873519264452167389796823541138945672,24,2.9
144,.3..6.........36.85.829....9...........8...9.1....582..15.4.3..4...7.5...........,734168952291753648568294137983426715652817493147935826815642379426379581379581264,23,3.3
145,..12.6.9....13..........4..2..6..8..35.9.8.6..1..2.....82.7..1..9....5..........7,431256798978134256625789431249615873357948162816327945582473619793861524164592387,24,2.4
146,.9......3.4...6.7.3.....1.98...7..5.4..32..9..2...8...6....351..8..5.6.2.........,796185423241936875358247169813479256465321798927568341672893514189754632534612987,25,2.7
147,..21.....5.3...7..49...2......58....2....68...6...1.9..3.........6.27..3.....96.7,672138954583694712491752368149583276257946831368271495734865129916427583825319647,24,2.3
148,...4...6.8.2...13.....5........2.61.....1..23.3....4.5...9.5...364..7....8.1.....,719432568852796134643851279598324617476519823231678495127945386364287951985163742,24,2.2
149,...34..9......1.5.4.9.7.6..12...9....4....5.6..3...........38..7.61......1...5...,251346798367981254489572613125639487948217536673854129592463871736128945814795362,23,2.9
150,..........786.41......7.28..3.8..94.9.43......6....7.1...45......9....6.61...3...,126938457578624193493175286731862945954317628862549731287456319349781562615293874,25,2.5
151,..5...84.3..7...6.26....5.9...1............9.1.487.3...7..16.52...5.....6........,915623847348759261267481539536192784782364195194875326873916452429537618651248973,24,2.5
152,..52.4..6....9..4.71......8..8.3...5..15...7........1.2...6...3.3..29..4.........,895214736362897541714653298978132465621548379453976812287461953536729184149385627,23,3.3
153,.....2..7..4.........98.6.536..4.........7516.9..2..8...5...9.......186441.......,986512347254763198173984625361845279842397516597126483625478931739251864418639752,25,2.2
154,.4932....1.....4.9.......7....8....7.31..........4...82....89.........5..5.1..3.4,749326815163785429582419673425863197831957246697241538274538961318694752956172384,22,2.3
155,.75.....1....4.2.....5.8.3.....7......9...3..43..6...8....2.173...91...66......9.,875632941963741285124598637256873419789154362431269758598426173347915826612387594,24,3.2
156,...4......3...5...729..3...39......8.7165............2...2..84.......79.6..5.7...,586471329134925687729863451392714568871652934465389172917236845253148796648597213,23,2.9
157,.1.95....6....2.....43...2.1.6..57.9.4....2....9....6.5..7..34..2.4...1.....8....,312954876685172934794368125136245789847693251259817463561729348928436517473581692,25,3.4
158,...84.93....3.....4.1..57....5..94..1.7.............13.7...8.6.549.73.....8......,752841936896327154431965728365189472187234695924756813273418569549673281618592347,25,3.0
159,..16..2..5....168......2....1..9..27..7....5..32.....9.4.8...91............7.35..,391658274524971683678432915815396427967214358432587169243865791756149832189723546,24,3.0
160,...2.65.9.......7..2..9.........18...14..769.5........2981..76....8...13..67.....,381276549459318276627495381973621854814537692562984137298143765745862913136759428,26,2.9
161,.97....1....5...2..1.74.9....5.184.....2.....26...48..429............1...8...3.4.,697832514834591726512746983975318462148265397263974851429187635356429178781653249,25,2.2
162,..5.....6....84.5..8...9......7......28....1.6.48....78.1.4..6.....132.....9..5..,945127836276384159183569472519732684728496315634851927891245763457613298362978541,24,2.6
163,...3.82....5.2....8...9.6.1.4...13..6..8...29......8.......59......3...54..28....,964318257135627498872594631248951376617843529593762814386175942729436185451289763,24,2.2
164,3.78.9........35..9..7....2..9.......4...71.957....2.4.6....9......78.6...35.....,327859641684213597951764382139425876842637159576981234768342915295178463413596728,25,2.9
165,...8.2...46.1..97.......4...8....63.2.........159.....3..42....15...9..3..9..7...,791842356468135972523796418987214635234568197615973824376421589152689743849357261,24,2.8
166,6.....1.9..2.7...8.7...1.....3.4...2.5...6......8....6..9......7..2...1..3...75..,685423179312579468974681235163745892258396741497812356529134687746258913831967524,22,2.9
167,15..2...62...7..43...6..5.99....6....82......7...83..4.9.....3.........2..745....,153924876269875143874631529935146287482597361716283954698712435541368792327459618,25,3.1
168,........4.96..4.7..2.9..8.3..7..5...6..8..4...4.1..53.9..4.8.2......61..3........,813627954596384271724951863137245689659873412248169537975418326482736195361592748,25,2.3
169,..7..2...9......623....79.1...5.6.8.8..92...5..9...1.....4.......3..5.48....89..7,517692834984153762326847951732516489861924375459738126278461593193275648645389217,26,2.5
170,..7......6.8...5...4..6...3....17..5....2..4..2.8.9....7.....1...35..794..21..6..,257938461638241579941765283386417925519326847724859136875694312163582794492173658,25,3.2
171,.87....5....6.....16....2.....9.....651.27...9.4......7.9.51..2.....29.......4.37,487219653295673481163548279872936514651427398934185726749351862318762945526894137,25,2.6
172,5....87...98...4..............6.1.58.2.4..67...73...4...2......9...1.8..7.42.3.9.,536948712298137465471562389349671258125489673867325941612894537953716824784253196,26,2.1
173,...5..6...2.....436...1...7..2.69.........12..54..8.....6.3.7.8.....5...38....4..,478593612521786943693214587132469875869357124754128369246931758917845236385672491,24,3.0
174,....21...91.....85...6....1.3.7.51....2.....6..8.....4.7.9...6.....7.8..46......9,345821697916347285287659431634795128792418356158263974871934562529176843463582719,24,2.8
175,.18...75.7....96.1............67.4.9..49...7......1..869.4....3....3.....87......,918364752743529681256718934832675419164983275579241368691457823425836197387192546,24,2.3
176,5.....7.918..9.....2...5...7......6.8..6.15.......4.32....2...4......273...15....,536418729187392645429765318753289461842631597691574832368927154915846273274153986,24,2.1
177,..4...2..5.........2...748145......9.3..9....2.1.348..........6.7..82.....97.6...,764813295518429763923567481456278139837195642291634857382941576675382914149756328,25,2.4
178,..1....7.....6.2.....8.4.5...954..83.6.....4..........61.38......5.16..98........,981253476354167298726894351179542683568931742432678915617389524245716839893425167,23,2.5
179,...6..4.2.5...9.86..7.8....1.34........9........52.89..7.81.2..8...56.4........6.,918637452352149786647285913193478625285961374764523891576814239829356147431792568,26,3.0
180,.49........1..6.53......91..1.7........692.8...23....5.3....6...6..51.4..........,549137862871926453326548917914785236753692184682314795135479628267851349498263571,23,2.5
181,..54....11.78...6.......3.........4.8....92..5.9.3......46.7..5.......7..26...8..,685423791137895462492761358263178549871549236549236187314687925958312674726954813,23,2.3
182,...9..7.4....7....29.51......6.4...5.8......9.5.6938..13....48...8....12.........,613982754845376291297514368976248135382157649451693827139725486768439512524861973,25,3.2
183,.5.2...6....57....12.8.....3..9..4........6.126.....5.9.1...7......2..9.4.......8,853249167649571283127836945318965472795482631264713859981354726576128394432697518,23,2.4
184,.8....9.5..6.....35...1.7.....6..3..4....8.9...23.9.4....2......5..4..2..4......6,184732965796485213523916784915624378437158692862379541378261459659843127241597836,23,2.8
185,........851.2.9..69........236..1.5......5..4.......674..7.8..5.2.......8..53....,362147598517289436948653271236471859789365124154892367493728615625914783871536942,24,2.2
186,...1...286..3.2.......9....9.7.1..........75..2...5....4..8.5....27.31..7.6......,435167928698352417271894365957416283164238759823975641349681572582743196716529834,23,2.7
187,...8.....4...15..62.9.4......156..89.7...3...6...8....12.....98........38..2..6..,715826934483915276269347851341562789578493162692781345127634598956178423834259617,25,2.2
188,..2......67.....9.38...76.12...8.....1......44...63.25.2.........17..........43.8,142639587675841293389527641267485139513972864498163725724358916831796452956214378,24,3.3
189,1.4.8....6....3.........547...2..7.89.6.38..5....41...3....9.6.7.....9..........3,154987632672453189839612547543296718916738425287541396325179864768324951491865273,24,3.4
190,2.........4...25...65..41..8.....21...1.7........6.45.9....8.2..32...7..........9,293517864148692573765384192856943217421875936379261458914738625632459781587126349,23,3.3
191,.3...657.8....7......9........86.7......341..4......3.9.........4...9.2.32.5....8,231486579895217643764953281513862794689734152472195836956328417148679325327541968,23,2.8
192,....2....9....53.18...7..5...6...4.23.56...1.1....3...5......94..1..6.23..7......,653128947972465381814379256786591432325647819149283675568732194491856723237914568,25,2.4
193,....8...72....3.6...3..1.25..1..7.8..4....2..5.9.4....4....5..3.95.......8.2.....,916582347254793168873461925631927584748156239529348671462815793395674812187239456,24,3.1
194,1....35....6.8....3..2....6.6...4..3..8......74.6....197..............57....95.2.,189463572426587139357219846561924783298371465743658291975832614832146957614795328,23,2.6
195,..9.....4.......9......672.5.8..4....2.5....3...7.9.1.3......7.....3.4..64..5.2..,169275384274813695853496721518324967927561843436789512385642179792138456641957238,23,2.2
196,.8.....4.....9.2...7..859..8..5.....1.........5...3....94..65.1...9..3..63..147..,589231647361497258472685913847529136123768495956143872294376581718952364635814729,25,2.5
197,.2....8...9.....75...94.......475.6.1.....9....5.8......9...........3.2687..1..4.,321657894498231675756948213983475162147362958265189437639724581514893726872516349,23,2.4
198,....7.1....3..4...6...2.8.33.8..5.4....2..6...6...37..5....9.....748....9......18,852376194713894562649521873398765241475218639261943785586139427137482956924657318,25,2.1
199,.4...6..191.5.......2.4.68.7..3.29.......4.....5..8.........3.6....7..1...91..4..,847236591916587234352941687761352948238794165495618723174829356623475819589163472,24,2.1
200,..75.....68..3..1.....7..3...1....9.5......7...98.6....9....6...7...8..93.4...1..,937581264682439715415672938821753496563294871749816523198325647276148359354967182,23,2.2
201,4.21......8...3..5.5.6....25.8.1......97......1.....468...7....9..3.5.7.......6.1,492158763786923415153647982538416297649732158217589346864271539921365874375894621,25,3.1
202,...97...475...1.....8........4..........239.8..5.1.2........7...2.6..4.96..7.....,362978154759341682418256397234869571176523948985417263593184726827635419641792835,22,3.0
203,5.....2.......678.....84..926..5..1....7.246...4..1.9..........4.1..8.5.....3....,586379241943216785127584639269453817815792463734861592392645178471928356658137924,24,2.1
204,...8..23..7.....9....15...7..952...6.....94..3...4..8.9..2..3....6.35...1.4......,641897235578362194293154867489523716715689423362741589957216348826435971134978652,25,2.8
205,.4...9.2.9....38....58..4....1.....346.3...7.......652.1.5......7..4....3..7....6,148659327927413865635872419851267943462395178793184652219536784576948231384721596,25,2.6
206,.2...85..4...65.3..7........4....8..1..72..5...6..93..71.8..9..........28.9.1....,621378594498165237375942618947531826183726459256489371712854963534697182869213745,25,2.4
207,..475.82......2....21....67....8.....8...9.1..7.13.......923.7...3.1.5....7...1..,634751829798362451521894367159286743386479215472135986815923674243617598967548132,26,2.1
208,...8...23.1....6..32...78..1..3............7..4..2..5.9.8...71.....8.2..5...9....,697841523815239647324657891156374982289516374743928156938462715461785239572193468,23,2.4
209,8.........52..1....3..7.19........7.1..4..853...5..4......4..2...7.29.8.3..8..7..,891654237752931648634278195245183976176492853983567412518746329467329581329815764,25,2.5
210,.......6......4..8.3..7.5..3...9..........425..8..1....9451..............724...36,419358267725964318836172549347295681961837425258641793694513872183726954572489136,22,2.3
211,.8......31..5.29...2...7..4..9...4......2......2.6479....73..5.7........5....1..9,987416523143582967625397814869175432471923685352864791294738156716259348538641279,24,2.3
212,.....8..5...72....7.1.3.9.2......6.796.5..2...2...3.4.....7.......2.683...58.1...,246198375398725164751634982583412697964587213127963548812379456479256831635841729,26,2.4
213,.2....5..8...26...54..8...1.......5.3...57.8......42.7.831..6.............4..5..9,927341568831526794546789321472618953319257486658934217783192645195463872264875139,24,2.1
214,43...2.....6..1..3.9.....7..4...8.6............2.5....2...13.85....9.72..6.4...9.,435782619726941853891536274943178562157264938682359147279613485314895726568427391,24,2.2
215,..4592.8....4......2........1..4.5..2.7...6..4..86....6.3.....1...6..8.9.95.3...6,764592183531486927928173465316249578287315694459867312643928751172654839895731246,26,3.0
216,2...1...9.6....5....75.28....5.619.7...4...3.....98.......8..7.6....52.........81,253816749864973512197542863485361927926457138731298456342189675618735294579624381,25,2.4
217,.3......7.15....2....5..8.3..2.5.7..9..843.....86..3....9.2...17..9..6...8.......,834296157615387429297514863342159786976843215158672394469728531721935648583461972,25,3.2
218,.....86...64.95...59.........7.4...1...53....2....74.9.4..23.8............81..7..,372418695864395172591672348657249831489531267213867459145723986726984513938156724,24,3.0
219,.7......8293...5....5.2..37..47.2......9.8......46...3..9..3....5....87...7....41,671354298293187564485629137534712986762938415918465723149873652356241879827596341,26,2.4
220,5.26.....9.....3...4.....9......2....1..3.2.......546.3...8...94.5.67........1..5,532649718967158324148273596654712983819436257273895461321584679485967132796321845,23,2.5
221,.3.17.6....1.2.59.........7..8..6...4.3....519...5...2....45.7..........6.57.....,539174628741628593826539147258416739463297851917853462182345976374961285695782314,24,2.7
222,.719.........53......1.8.4.39...4..5785..2.....43...8.2.7............867.1.....52,871946523469253178532178649396784215785612394124395786257869431943521867618437952,27,2.4
223,5.7.2.49..8.6...7.9.........3..4.2.5...8..9...4.....1...6..1.4.....86..3.2.93....,517328496483659172962714358639147285175862934248593617356271849791486523824935761,26,3.4
224,.3....7...9..8..1.6....43......132..91..7..6.8...6.........2.7...4...6.8..7.4..3.,438921756795386412621754389546813297912475863873269145189632574354197628267548931,25,2.4
225,...87..9...53...1.3...6.8..8...12.34.4....2.8..2.........9...6.....4.1..1...3...5,216874593785329416394165827857612934641593278932487651478951362523746189169238745,25,2.8
226,...59..84..8..4..9..638...5..3....4.9....732..57......3....5....61......8...1...3,732591684518674239496382715123968547984157326657423891379845162261739458845216973,26,3.4
227,.6...2.7.1.95......7.91..36..86..2.3...2...8.4.......9....5.3.45......2...6...1..,865432971139576842274918536958647213613295487427183659792851364541369728386724195,26,2.7
228,...3...6.4....2.1....4....729.14..7.76..234.......6.....5.......3....5.61.4.5..9.,879315264456872913312469857293148675761523489548796132685934721937281546124657398,26,2.1
229,...5.......87.63....4...56.7.2....8...5.9.....1...395......724..8.6.........4.1..,671534829958726314234981567792165483345298671816473952169357248483612795527849136,24,3.1
230,.6.....3..8.7....42..45.6.....9.3.7...6..8...1.......3......2...75.1...6.2.....4.,764281539589736124213459687852963471346178952197524863938647215475812396621395748,23,2.4
231,..........49.21....1....52.7..68...38....5.6...4....7......3...38..7.4...92......,278356941549821736613947528725684193831795264964132875457213689386579412192468357,23,3.5
232,9.23...5............51..4.9..7...2...5.2...8...1.3...4.1.7.....7.....9.1.4..8...3,972348156164975832835126479397864215456219387281537694613792548728453961549681723,24,3.1
233,....264...........7...58...17.8......8.2....64......21....9..38..1....7..6..849..,518326497634719285729458163172865349983241756456973821245197638891632574367584912,24,2.4
234,...9.8....5......97......26...5.1..4..82.....5....67........5..2...3..8..35..41..,426918375853762419791453826679581234348297651512346798187629543264135987935874162,23,2.7
235,.4..5.9...21...3....8.....6..6..5.9....6.9...1.72.........9413......2...73..1..2.,643851972521967348978423516286135497354679281197248653862794135415382769739516824,25,2.2
236,...8.9..4..6..7.......6.35..5....1..6.3......4....2..8.98....3.1.....24....7.5..9,731859624546237981829164357952648173683571492417392568298416735175983246364725819,24,2.3
237,...2...87..69....382.........7......9....6.1.4.371..5..4..6...8.......2....3.7...,139254687756981243824673591217598436985436712463712859342165978671849325598327164,23,3.3
238,...8..16...........18.4.3.57..4..2.......7...534.....995......28....14....238....,495832167327516948618749325769453281281967534534128679953674812876291453142385796,25,2.6
239,....6........38.269.....5.7..3.....5..5..26.97....9..2.2..7...1.....6...81...3...,482765913571938426936241587293617845145382679768459132629874351354126798817593264,24,3.1
240,16.5.4.8...2.6........2.63...48......5.1..7..6...92.1........6......94...81...3..,163574982592368174847921635314857296259136748678492513425713869736289451981645327,25,2.9
241,.65.3.18.3..........4.....2..1...4.7..9.8....6...41.3.1....3......82.....5.9...63,765239184312478596984165372831692457549387621627541839196753248473826915258914763,25,3.5
242,......7.49......5..53..6.9.14.7...3.....82..7.6.3............8..16...4.28...4.3..,681935724972814653453276891148769235539482167267351948794123586316598472825647319,25,3.5
243,..3..86..........86.2..4.1...94.3.....6....53....19...9.58....2...2....9...1...7.,193528647574361298682974315829453761416782953357619824965847132741236589238195476,24,2.7
244,..438.......9...26.2.6....354...9...........9.7641...5..1..5.....3....72.67......,614382597385947126729651483542739618138526749976418235291875364853164972467293851,25,2.3
245,2..68......3......6...9...8..813.7...3.......17...6.3......13..5.2.....6...4..8.2,259684173783512694641793528428139765936257481175846239864921357512378946397465812,24,2.3
246,..........9.8.652.27...3..9..1....934....761.8.73.....9..........8.....1....48.6.,185279436394816527276453189521684793439527618867391254943165872658732941712948365,25,2.9
247,.6...2.5.92.7.5.....7....41.7...1.8..9.6...........5.......8.........792539...6..,163842957924715863857396241476521389395687124281439576712968435648153792539274618,24,2.1
248,....9.6.74.6...8...8.5..............813...9.6....5872....94....13.........9.7.2..,352894617496712835781563492275639184813427956964158723628945371137286549549371268,24,2.3
249,.2...3...8.....61....146..3.......2...9.2...6.1.4.87...3.7....29...12......98..4.,621853974843279615597146283375691428489527136216438759138764592954312867762985341,26,2.5
250,..8395....5.1..3..7..6.....93..2..6.......4.2..1....8..6......757...3..8...9..5..,148395276256187349793642851937824165685731492421569783364258917579413628812976534,25,2.7
251,.8.....1.1.7...2....4.8...9.....6.8.95.4...3...653.7.....3...275.....3...1.......,285794613197653248634182579371926485952478136846531792468315927529847361713269854,24,2.2
252,8.....5.3.748....99........53.6.8..2.........7.....8..3..5267.8....891....7..1...,826974513174853629953162487531648972468297351792315864319526748245789136687431295,26,3.2
253,31..57....5.....41.2..8........45.2......689.2..7...........31...96...8....8....5,314957268958362741726481539897145623145236897263798154482579316579613482631824975,24,2.1
254,....78..62...9.....84....1......1..9..5..36..9.....37.......5..5....6.9..41.3...8,159478236236195847784362915362781459475923681918654372893217564527846193641539728,24,3.3
255,...3...8.......9.22....9.5.94...8..7.........51....23...6.4.......8..31..9..674..,659324781137685942284719653943258167762431895518976234826143579475892316391567428,24,2.2
256,......54......3..6.96.....7....9.......546.2......295..7..3.8.19.3....6..6.8..4..,328167549417953286596428317852391674739546128641782953274635891983214765165879432,25,2.6
257,..4.6.8.7.6...8..4.....3....4.....2..57.4.....8..27..9.2....341..3..9..2.........,534162897162798534798453216946381725257946183381527469829675341473819652615234978,24,2.2
258,.....1.75.3....4....6..9..86.42....1..8.......519.6....12...7....5....89....4.1..,289461375137852496546379218694287531328514967751936824812695743475123689963748152,25,2.6
259,..15........73.6..........21..6.35..2.3.1.8...6...7.....8.....95...4.1.39..1....8,681529734492731685357864912149683527273415896865297341718352469526948173934176258,25,3.2
260,4....697...3..562...5...4....1..8......94.......36.7....785...6.167.....58.....9.,428136975973485621165279483741528369632947518859361742297854136316792854584613297,27,2.1
261,.6......1.2.46..9.3..1.8.7.2....76.....8..7..1..3............34....5.26...4......,468975321721463895395128476239517648546892713187346952972681534813754269654239187,23,2.1
262,...5......7....26.3.1.....9.8......42.64.....4....6.25.6..8.4..5...2...1..2...93.,648592317975341268321867549189235674256478193437916825763189452594623781812754936,25,2.4
263,82......4...6...7......7....59..6...4.......8....43.2.......5...96...2....318....,827391654914658372365427819259816437431275968678943125182769543796534281543182796,21,3.1
264,6..........7..42..45.3..........5.4....9...363.18............5..2.61.983....9...1,618752394937184265452369718876235149245971836391846572189423657524617983763598421,24,2.1
265,.....58...7......3..5.2...6...64.1........7.8..85...9.2........1....9..45.63..9..,362475819874196253915823476729648135651932748438517692293764581187259364546381927,23,2.5
266,..9..2.5.....94.......1.3............27..5.916....37.22..8.1....6..5..2.8......7.,139762854586394217472518369948127536327685491651943782295871643763459128814236975,24,3.2
267,....7...8...28..133.8...6...1..3.9.....917...5....4...8...9.35......6..26..3.....,241673598967285413358149627716532984483917265592864731824791356139456872675328149,25,3.3
268,.5...27..829..........5..9..1.....3.47...9.1.2.36.15.....49....6.25.......7...1..,354982761829176354761354892916725438475839216283641579138497625642513987597268143,26,2.3
269,8...1.......93...2.....5...9.7.8.2..2......3.6...53..1...42..167.......8.9....5..,869712453475936182312845679937184265251679834648253791583427916726591348194368527,24,2.7
270,32............1...57..4.6...4.3.....7.9..8.3.8......95.5.....8.....69.....315...2,326785419498621357571943628145392876769518234832476195654237981217869543983154762,24,2.5
271,.83.....1.....896.4...2..3.2....93............54..6.9.......1.6...4.37..5.796.4..,683594271725138964491627538276849315938251647154376892349785126862413759517962483,26,2.2
272,..1.4........2.95..4....83.5.9..27..4...85........1.4....5....78....6....278.....,951348672683127954742659831519432768436785129278961345164593287895276413327814596,24,2.2
273,.7..68....85.7...14..9...2...6..1.57......3.9......64.627.......91.2.............,172468935985372461463915728346291857258746319719853642627539184891624573534187296,24,2.3
274,..8.421......9..75..5.6.3.....438..........9.4.......7..2..1..8....8..3..5.9.....,378542169614893275925167384597438621281675493436219857762351948149786532853924716,23,3.3
275,.6.....74..1..2..87......2.9.........83...6..6...43..22...14....98.....11...6...5,862951374341672958759438126927186543483295617615743892236514789598327461174869235,25,2.8
276,.......3..4..8...52....59..........2.5...6....1...94.78..4...9..2...3.5...59.1...,576294831149387625283615974397148562458726319612539487861452793924873156735961248,23,2.1
277,.92......4...12.9..5...6.3......5.713.7.41..6......8.3..4.3....56.1......2......7,792853164436712598851496732649385271387241956215679843174938625563127489928564317,26,3.2
278,..7.....3.2.........89.5.17.5..41.7.7..8.......9.3..4.1...96.5....3..9...6......2,597128463621473598438965217352641879746859321819732645183296754275314986964587132,25,3.0
279,.9...6..1.84...2.........54..35...6...14....3.4...35.......5..64..61....35.8.....,295346871684157239137289654923571468561428793748963512812735946479612385356894127,25,2.6
280,.....7..937..5.......28.1...37....51..21....86.....7..9......4......5.....1..298.,128467539376951824459283176837629451592174368614538792985716243243895617761342985,24,3.5
281,......74.657.4.3.2........5...387....76...9...........23.6....7..5..9.1..41..2..6,182563749657941382394728165429387651876154923513296874238615497765439218941872536,26,2.1
282,1....3..94...5...6....6.18...82.7....2......73......5..9..7.3..8.4...6.1..34.9...,162843579489751236735962184518297463926534817347186952291678345874325691653419728,26,2.8
283,8..6.25.3..4........9...6..5............1..8...748..2...2..679.9..7..3.2.........,871692543654873219329154678548269137296317485137485926482536791915748362763921854,23,3.0
284,......6..7..3.8...5.1......3..2.5..1.8..9.5.619....4.28...3.......1....4.5...2.8.,928457613746318925531926748367245891284791536195863472819534267672189354453672189,25,2.1
285,.3..72..9.5.9........58.....7....3.....2..8.68...3...4...7..59......6.48..1..82..,438172659752963481169584732276849315943215876815637924684721593527396148391458267,25,2.6
286,5....61....2.81..73.......51.93..........4....47...2..6.....7.2.......8.4.1.2..9.,574936128962581347318247965159362874236874519847159236693418752725693481481725693,24,2.1
287,.....7.....532.48..19.8.........864.....5.2..47.9......5.......6...1..2.3.....1.5,843697512765321489219485736592138647136754298478962351951246873687513924324879165,24,2.6
288,....82..941.79...29........32.....9...49..1...5..3...76......81..82.3..........5.,765482319413795862982361574326157498874926135159834627637549281598213746241678953,25,2.5
289,2.4..716...6...2.3..91..8.76....3........8....2.5....65.2...41.7...5........9....,284937165176485293359162847645723981937618524821549376592376418718254639463891752,25,2.2
290,.6....371..38..64..1......29....3.....89.7.3..4...........52......4.1.........59.,869524371723819645415736982971263458258947136346185729694352817587491263132678594,23,3.1
291,..9......4.....7....31....6.2....8.....5..6.3....46..55..2....1...91....3.8.....2,169754238452638719783129456625391847841572693937846125594287361276913584318465972,22,3.5
292,6...3...134......9....7..2...5...8.....1.6..2....92.3...3..5...4.........7..246..,627439581348251769159678324295347816734186952816592437963715248482963175571824693,23,2.2
293,.....19..51....83.3.6.........2..31..8.....9...94.7.......29..6...5...2..5.8.....,827341965514962837396785241675298314481653792239417658743129586968574123152836479,23,2.4
294,2...5...4..3...........869.....7.85.7......4.139.....6...9.5.........2.5..7.1..8.,268759134943621578571348692426173859785296341139584726812935467394867215657412983,23,2.9
295,...9...3.....25.1...7.3....8.....39.5.91...4..74.......2..7.5..6.........5.84.2..,285914637436725918197638425812457396569183742374269851921376584648592173753841269,24,2.3
296,5..82.....8...6..4.3.9......7.....6...5.....2...54........8.1..36...2.781...7..5.,597824613281736594436915827874291365915368742623547981752489136369152478148673259,24,2.8
297,..3.5.4...5.8..9...7...4.....1.9...3..42.389.......1..9...81.......6..5.7........,813952476452876931679134582281795643564213897397648125925381764138467259746529318,23,2.2
298,17...35........49....1.9.7.4..96...........4.6..75...88....5..47.3........26.....,179423586328576491564189372487962153295318647631754928816295734753841269942637815,24,2.8
299,..1..4.......9142....78..9...7..83...8......5.3...5..9..4....6......9..289..26...,971254836358691427642783591527968314489312675136475289214537968763849152895126743,25,3.2
300,.7.4.8.....4.9..871...574.33..2.....91....8......76.3.4.8............1......2...9,276438915534192687189657423365281794917345862842976531498713256723569148651824379,25,2.4
301,..3.2.867........3..4..6.2..........257.8...6..89.....1..7......2...35..7...9.2.4,513429867692178453874536921941267385257384196368951742185742639429613578736895214,25,2.6
302,.3....49.5.1......9..71....6.2....3..4............41.2..5.9.......4.3.78..8.7.9.6,237586491581349627964712385612957834843261759759834162475698213196423578328175946,25,2.4
303,.96.....1..76......3...7.9.65.3.1.7...3....52.7...8...2..4..........69.7.6..1..3.,496235781127689543538147296654321879813794652972568314289473165341856927765912438,26,3.0
304,......91.4....8....6.5..7..7...2...3.284..........5.81..43...5.2........6...14.2.,537246918492178635861539742759821463128463579346795281974382156213657894685914327,24,3.1
305,.3.2........37..1.....95...9..54......7..8...4...3..26.7.....35.5..6.8....4..76..,136284759895376214742195368963542187527618943481739526678921435259463871314857692,25,2.6
306,.917...52.....6....7..8........2..1..29...7..4..6..8......734.16..2.......3......,891734652254196387376582194768429513129358746435617829582973461617245938943861275,23,2.8
307,.9...6.....72.85..15..7...8..64..31.......295.......4.3.......9..9.27....6.......,893516472647298531152374968526489317784163295931752846378645129419827653265931784,24,2.4
308,.....1...37..6...461....5........32..9..1.....2...9.45...7.8....4.....9..38..5...,854371962379562814612894537186457329495213786723689145961728453547136298238945671,23,2.5
309,46............6.3..8..9...4..3.7..6.9..2..8.7..1.....9.......2.6.....59....8.71..,465723981197486235382591674853179462946235817721648359518964723674312598239857146,23,2.2
310,...3..9......78..24.7.....1.1.....3..239..5.....75...89......5...1....24.7.6.....,286341975139578462457269381715482639823916547694753218942137856361895724578624193,24,3.1
311,..7..2.9...9...873...6..5...7..589....54........3.7.4..2..86....3.....5.7..5.....,157832694269145873843679521471258936395461782682397145524986317936714258718523469,25,2.8
312,..7.91.2.8.....4.......5..1.9..4.83.....6.....241....7.......4...8...7.61...36...,457391628813672459962485371691247835785963214324158967576829143238514796149736582,24,2.3
313,8.6....5..9........7...84.....4.2.......138...2.....159.....346.62.....1..83..27.,836124957294576138175938462681452793759613824423897615917285346362749581548361279,26,2.3
314,.7.8.6....6...5.......3..8.2.......46...1.7.9.1...4..35.......7321.4.........31.5,473826591168495372952731486235978614684312759719654823546189237321547968897263145,25,3.1
315,..4...83............7..4...8....16....3.86.94.6.59....6.....28.2..3..........975.,514962837986173542327854916892431675753286194461597328639745281275318469148629753,24,2.5
316,....4.79...16.......8.3.......2..9...69....7.52...4....9..5.6..3.7....5......3.8.,236548791451679328978132564714286935869315472523794816192857643387461259645923187,23,2.8
317,....6.9..1.8..2.6...3..........2.....749.1..3.9...42...3.....4.8..6.5.2.......7..,427168935158392467963457812385726194274981653691534278732819546849675321516243789,23,3.3
318,5.38.9........6...6......43.9..4...78.5...........2.....8..7.6.71.6...5....9.52..,543879612127436895689251743296548137875163924431792586958327461712684359364915278,24,2.6
319,.4..75...3....6..2..218.4..1..7...8..6..5.....3.8....1........59.6...8...8..147..,641275398358496172792183456124769583869351247537842961473928615916537824285614739,26,2.8
320,3...7.4.5....5..27....6.3....42...1.8.1....327..9.1.....8.....62......8..79....4.,312879465986453127457162398564237819891645732723981654138594276245716983679328541,26,2.2
321,..9.61.3.8..4...29......5..1.4..98...8.5...........6...4.6.7.5....1......52...3..,529861734836475129417392586164239875783546291295718643341627958978153462652984317,24,3.1
322,.3.....6.2........41..6...2...14.8.5...8.73..........1..79.3.....1.....83.8...4..,735428169286791543419365782973146825162857394854239671547983216621574938398612457,23,2.1
323,.4.....3.9.....2..2.5..41.7...61.3....7..8..1....9....7..9..81.6..1....3.3...29..,148729635973561248265384197524617389397258461816493572752936814689145723431872956,26,2.3
324,.5.......7..3.5.....8.2..9..741..........9.4....7..3.13...9.1.....8.7..6..25.38..,451978623729365418638421597874132965513689742296754381387296154945817236162543879,25,2.5
325,..7....3.1...8..6.....63..2.8....3....64...857......91..4..2.1....5..2..6.3.7....,267915834135284967948763152489157326316429785752638491574392618891546273623871549,25,2.2
326,..3...6.42.....5..18......7..86.4...34....1..69..2.......95.....5....3......12..8,573289614264371589189546237718634925342895176695127843827953461451768392936412758,24,3.0
327,38.97..5...6....9......12....8.9..........4.1....68...2.17....4.97.5....4........,384972156126845793975631248518394627639527481742168539251783964897456312463219875,23,2.2
328,..78..9.21....4.......7.45..9..5.1234...8.....1.........6...2188...3.5.........6.,547861932139524876682379451798456123463182795215793684376945218821637549954218367,25,2.7
329,.....3...2..45.78.7.6....5.3.8..9..........7.....864....1.3.....3....9..5......61,185673294293451786746298153328749615654312879917586432461937528832165947579824361,23,3.5
330,.....57..........9..62.9......45...362.1......1..8......9....12.3....48.7....1..5,298315746451768239376249851987452163624193578513687924869574312135926487742831695,23,3.1
331,..3....9.....94...7..3..4....19...........25..36.8...96.....7..1.5...8.....7...62,423876591568194327719325486851942673947613258236587149692438715175269834384751962,23,2.5
332,.19...7....56..3.......1..91.2..9..5..3..7....9..6.83...........5.1.2..8.....8.4.,419523786875694312236781459182439675563817294794265831948356127357142968621978543,24,2.5
333,..9..7..6.8.9..5....4....3......6.4.2....31..........2..3.1...91...7.....26849...,319587426682934517574261938958126743267493185431758692843615279195372864726849351,24,2.5
334,............42.83.49...356...5...6.........87...94....1.67...5....2.....5....67.1,832569174651427839497813562985172643214635987763948215126794358378251496549386721,24,2.3
335,42........89..13.......9.2.....839....8......56.7.....2...54..3.9.....4.....3.25.,423876591689521374157349826742183965938465712561792438276954183395218647814637259,24,2.6
336,48....5.....7..96..375....29.......5..1...83......1..4...6.5...3.....6.8.9..3..1.,489263571215784963637519482943876125751942836862351794178625349324197658596438217,25,3.3
337,....8..6.....5.392..2..3...5...3....7..8...1...8..14.79..76.........8....4..9...1,135289764487156392692473185514637829729845613368921457951764238273518946846392571,24,2.7
338,...32.715..3..8......1.....5....6...1.....8........16..4.8.5...29..7...6.7....9..,684329715713658429952147638528716394167934852439582167346895271291473586875261943,23,2.3
339,...7.2.........7.112.4.......2..71.59.35.8.....8.2...98...5..1...6...4..5....39..,689712543345689721127435896462397185913568274758124639894256317236971458571843962,26,2.7
340,.1.9.....3...2........6.5816......9....17..4...9..4..2.8.....74...49.3..2........,516948723378521469492763581641235897823179645759684132985316274167492358234857916,23,2.7
341,7....1.8....9...13..8.62.59.....5.67.8.......1....4...3.62........8.92...........,793451682652978413418362759234185967987623541165794328346217895571849236829536174,23,2.5
342,.86..35.1...2..6...2....8.361........7..8.........9.17.....64.....3...5...89.7...,786493521593218674421675893612734985975182346834569217157826439269341758348957162,24,3.4
343,9.8.3.....67.8...5....9..87..2....4..96.......7.1.5.9.......5.....3..47...54..1.6,958731264367284915421596387532967841196843752874125693743618529619352478285479136,26,2.2
344,.....72.....4..9..2..91.3...5.......6......3.8..35...29..7....64......1.1.26....7,549837261713462958268915374351274689624198735897356142935781426476529813182643597,24,2.8
345,..5.7....3.4....5.6.9.5.43.....31...2...4......7.....24.63...29....62.........8..,815473296374629158629158437568231974231947685947586312486315729793862541152794863,24,2.6
346,.....1..77.8..........48.23...6.5.3.9.2.......1..7.9.....2.....8439.......9.5.7..,524361897738529416691748523487695132952134678316872954175286349843917265269453781,24,3.2
347,.8...3..7634.........4.........84.6..6.....1...82.9..3.5..7.8.1.....5....93..1.7.,581923647634758129729416385375184962962537418148269753456372891817695234293841576,25,3.0
348,43........75.6.9.......1...2.....457.......8..1.9...2..4.5.......3..7.42.6.8....5,431759268875263914629481573296318457354672189718945326947526831583197642162834795,24,3.5
349,.4.2.1..6836...2.....9..4..45...2..8...........9.5.14.....1683..9...4..5..8......,947281356836475291125963487451632978782149563369758142274516839693824715518397624,26,2.6
350,7...2.4...5..3.6...3...19.......2..4.819.....9.....75.....94.2..7518.............,796825413158439672432671985367512894581947236924368751613794528275186349849253167,24,2.7
351,5..7......23....1.9...4.......32........879.54.6..1...3.4....21...5....3.5.......,541732896823695714967148352795326148132487965486951237374869521219574683658213479,23,3.5
352,4.8.....65.......3....248.....91.....546...9..1....2.......9.573.7....8....48.3..,478193526529876413631524879783912645254638791916745238842369157367251984195487362,25,3.1
353,...2.........4.6..5...1.3.8..8....4.2...3...639.6..15.16..5..........98..29......,981263475732845619546719328618592743275431896394687152167958234453126987829374561,24,2.1
354,...3.2.........8..965.4.....4....16...28...7..3.......5......46...19....8.6....3.,481352697273619854965748312748925163652831479139467528517283946324196785896574231,22,2.2
355,5.1..86..9...4.2......25..8.3..17..9.823...7...........1.........67....53...9..4.,521978634968143257473625918634817529182359476795462183819534762246781395357296841,25,3.2
356,21...6.........18......72.9..9...4.23.82........5...6...5.71....9.....4.4.....8..,213986574974352186586147239169738452358264917742519368825471693691823745437695821,23,3.2
357,15.....487....81.........2...75....4.94.62.....5.3.29...27..........69...3.....6.,156923748723648159948175623267519834394862571815437296682794315471356982539281467,25,2.2
358,4...9.6....63...51..7..1.4....6..89.....3..2.93..2....62..4.......9...3...1..6...,413592687286374951597861342142657893768439125935128764629743518874915236351286479,25,2.5
359,.6..........4..2..78.3......7...8..9....5..4.9....1....278..6....4..7.1......3..5,462189357359476281781325964275648139813952746946731528527814693634597812198263475,22,2.5
360,..9..457..6.5....17....8.9.........28.19.......5....8..2....35.....3......6.7..2.,319264578468597231752318496673851942841923765295746183124689357587432619936175824,23,2.1
361,.......9.5..6.3..7..817.2.58......3194.........1........3.5..6.61.2...5.2..3....9,127584693594623817368179245856492731942731586731865924473958162619247358285316479,26,2.6
362,.6......1.5...9..7..4..7.9...2.3..........6.....9.4..5..18..73.2.......8.8.61.9..,769358241153429867824167593972536184345281679618974325591842736236795418487613952,24,2.9
363,........75.7.6.28..6.7..9.....94752...8..2.3..4........9.1.8...7....43.6.........,429385167517469283863721945136947528978652431245813679694138752782594316351276894,25,3.4
364,...759.....1...2.3..5....7..34...8...5...192..9..746..41...65........7.........42,243759186971648253865123479634592817758361924192874635417236598329485761586917342,26,2.1
365,1.........34.....8.9...1.3.27....6.1.56....9......8......87......1.3.2.5..39.....,167384529534729168892651734278593641356147892419268357645872913981436275723915486,23,2.2
366,....6.2........4.1...2...3..2......3.5...6.8...871.6.2..4.5.....83....5.....81.7.,835164297279538461146297835627849513451326789398715642714653928983472156562981374,24,2.6
367,.7........26.39...4...16...21.....9...3..5..2...4....3.....24........2.558.9.4..6,379548621126739854458216937214367598763895142895421763637152489941683275582974316,25,2.5
368,6.1..2..5..29......3.6...9.9...6...3.5...7.........6....7..195.1......2.5...3.1.8,691472835842953716735618492918264573456397281273185649367821954189546327524739168,25,2.1
369,......4...9.67....76..8..9..71......2....481....23.....453....93......5.9.7.6..2.,538129467194675283762483591471856932253794816689231745845312679326947158917568324,26,2.4
370,...19..2.......4...2.....3..7......3..8.6.....9.2.3.4.8.49..1..5....43.8....7....,453196827789352461621748935276419583348567219195283746864935172517624398932871654,23,2.3
371,..5.93....3....8..1..8.5.......52..65...1.3...21.....4.8...1.9...9...4.26..9...3.,875693241236147859194825763348752916567419328921368574483271695719536482652984137,26,2.5
372,.2379...1.1...4........296...2...7..1.82...4.53.6.....8....12.......6.8....5.....,623798451915364872784152963462815739198273645537649128856431297371926584249587316,25,2.1
373,..47....9..9.28.5.5..9..........7...8..49.1.6.2....73.2...6...86....1......57....,134756289769128453582934617346217895875493126921685734217369548653841972498572361,25,2.1
374,.1....4.....7..5..57.96.13.89...1.7..653...8.........59....8.....12........54...6,319825467624713598578964132892451673465397281137682945956178324741236859283549716,26,2.9
375,..14...95..4....7.5.7.8.....9......24..9.3..8...21.3..21..9......5.64..........3.,621437895984152673537689214193548762462973158758216349216395487375864921849721536,25,2.8
376,....1...26..5....3...63.5.......61.881..2.4...29.4.3............8..57...37.8.....,538714962642589713197632584453976128816325497729148356261493875984257631375861249,25,3.3
377,2...1.6....9....4..6.7..9.....43..1.7.4....5.....8.3..8..3............95..2..58..,245913687379826541168754932586432719734691258921587364857349126613278495492165873,23,3.3
378,9..1..56..4..........7.....2....14.......5.7.....67..1..7.2635.3.8........2..8..9,983142567745689123621753984276831495134295876859467231417926358398574612562318749,24,2.1
379,.....5..18.....62....9......8......93...8.7..9.2.7..3..24....96..76.24......942..,473265981859713624216948573785326149341589762962471835124857396597632418638194257,26,3.1
380,5.....6..6.8.7...1.4....8...1...9.52.....1.4.23..5.........8.1.894..7.....7.6....,571843629628975431943612875416789352785231946239456187362598714894127563157364298,25,2.5
381,...1.......59..8.......5..7..9.3..6.6...1..9241...6...5.2....1.7.34............34,824173659375962841196845327259734168637518492418296573542389716763421985981657234,24,2.1
382,..38..6...6..7...8..7...9...9..5...63.5..8...1..9..27......27.4.2.......5....4.2.,243891657961275438857436912492157386375628149186943275638512794724389561519764823,25,2.4
383,...9......9.728...2.......4..5..67..3....7..6.7....49........8.5........8...15..3,153964827496728315287351964925146738348297156671583492714632589532879641869415273,22,2.1
384,.........4..........9.72.8....6......1...5...76.4..3.18....16......89.542.......8,581934762427856913639172485948613527312795846765428391853241679176389254294567138,22,3.0
385,...87..5.19..6..4...4.........25.1...46.1..2.......8....1..3...6........32....79.,263874951197562348854139672938257164746318529512946837471693285689725413325481796,23,2.5
386,....1..8..27...4...6...45....985.6..7.8................5..87..2...4....91.3..9.4.,495213786327568491861974523249851637718396254536742918954187362682435179173629845,24,2.8
387,.3..86...4.7.........5....71...7..2..96........4....1....8.967.....5.....5..24...,935786142467192583821543967183975426296431758574268319342819675618357294759624831,22,2.8
388,.1.6..7.....3..59.....9..4.781.3.....4.1.......572....6...1...89.8............267,519642783462378591873591642781936425246185379395724816627413958958267134134859267,25,2.2
389,..97......3...2.6.......84.94...3.76.2.64..1....1.7.......7..23.6...9.....4.2....,819764352437852169256931847941283576723645918685197234198576423362419785574328691,25,2.4
390,57..6.....189...........48..2.7.9........1......82.6..3...8...416.5....7..7...5..,579468213418932756236175489621759348783641925954823671395287164162594837847316592,24,2.1
391,3..........5..16.3.6..42.8.......46.4...3...7..76..5....48......7.9.6....8......2,318569274245781693769342185531278469496135827827694531954823716172956348683417952,24,2.6
392,..1....94.....4..39...1....75..8..6..2.6....7...3....52...........8.2...6..53...2,361258794587964123942713586753481269824695317196327845275146938439872651618539472,23,2.6
393,..2...5...1..6.2...9.....8...6.9...8..532...73.......4...71...6...2.9.......3.9..,832947561514863279697152483276491358145328697389576124923715846461289735758634912,23,2.1
394,..5..3.6.......1...6.8.49..58.6.....3.25.8..1....3..........5...1.....789.6...3..,825193764439726185167854923581649237392578641674231859748312596213965478956487312,24,3.3
395,.1.2...46......7..4....7.89..4.3.6...35...9....6.....8.6...9..5...765.....2..1...,718293546659148732423657189984532671135876924276914358367429815841765293592381467,25,3.2
396,...4..8....8.9546..92........36..9.........471....9......5.4...2...73.59.6....3..,356417892718295463492386715573642981629138547184759236937564128241873659865921374,25,3.3
397,..2........6..2..7...3..6....3.......9..8...55.49....2.4...1....18..39....9..63..,182769543436512897957348621873125469291684735564937182345891276618273954729456318,23,2.2
398,...58.......7..62....9367...7.....3...4.....69.2....87845.....2.2...53......9....,467582193398714625251936748176428539584379216932651487845163972729845361613297854,25,2.8
399,.4...7......53...7....928.138...52....72.........7.4.......8.6.56.......9..65.3..,143867529892531647756492831389145276417286953625379418234918765568723194971654382,25,2.9
400,.....7..5..4.2.1.....3..6..8..16.....4..8...2.......9....8...6..58..137..7..4....,963417285584926137721358649897162453346589712215734896432875961658291374179643528,23,3.5
401,8....7.3.2.......6..7.6....6.27.8......9..5...8..52..44...15...3..4...1........5.,846297135231584976597361248652748391714936582983152764479815623365429817128673459,24,2.8
402,.793....5..8...49.....1.2....1.5..2...497.........3...8....591..53...8.7...8.4...,279348165618527493435619278381456729564972381792183654846735912953261847127894536,26,2.1
403,.5..6.2....2.48....8.5.......8..9..6.1....38.93.2...4......5....4...7.3.1.....7..,457963218392148675681572493578439126214756389936281547729315864845627931163894752,24,2.1
404,92..1......8....7....4..6....2......7.6...1.....6.98...47.....3....8..2....9...4.,924716358168593274375428619892135467736842195451679832647251983519384726283967541,21,3.2
405,.3..4..8.6.1...9.......7.3..46.....9..8..56...9...817...5......1...2...83......1.,937642581621853947854917236246371859718495623593268174485136792179524368362789415,24,3.2
406,..6......2...13...71...9.6....3.2..89.874..2.1.2.6.....5....7.16....4..2....87..6,896475213245613897713829564564392178938741625172568349459236781687154932321987456,28,3.5
407,5..1....81.3.47....8......7....9...237.4...9...4..1.........15.43.5...86..6......,547129368163847529289635417815793642372456891694281735728964153431572986956318274,25,2.8
408,.48...1......3....6....8.2.7.4.9..3653.2...9...947......2...7.....5....9.......42,948652173275931684613748925724195836531286497869473251452369718187524369396817542,25,3.3
409,..6.....5.1...9..2...16.4..49....2..3.........5..2..3.....8....58.9........234.6.,946872315715349682832165497498653271327491856651728934263587149584916723179234568,23,3.1
410,7.........19...7....597.124867.95..............4..387.....2.5.8...3...4.6.1..4.3.,746152389219438756385976124867295413132847695954613872493721568578369241621584937,28,2.1
411,...96..........9477.2.........1.58..6...23.5..8.6....3..4.........31..2.5.8....6.,841967532356281947792534618423175896679823154185649273214756389967318425538492761,24,2.6
412,2.........6...4.9.37...2...8324..1....9.1...........7....3.65.7...89...6.......84,294178635168534792375962841832457169749613258516289473981346527427895316653721984,24,2.1
413,.2......3..73...9...1....82....96.2..8...7.1.6..42.....3....1.......3..48.9.7....,528169743467382591391745682145896327982537416673421958734258169256913874819674235,24,2.1
414,..5.....83..76.....19....4...8....61.2..1....5.....9..2..1...96...2...5..4...8...,475391628382764519619825743938572461724619385561483972253147896897236154146958237,23,2.3
415,..8..4..5.....2.1..6...8...54.....72....5.8..2.9.7.......3..2....1.....67.3.....1,978164325435792618162538749546813972317259864289476153654381297821947536793625481,23,2.4
416,.29...56.........3..3.85.1..56..81......3.8.4.3......6.4..1..2.......7..6..9.7...,129374568568129473473685912956248137217536894834791256745813629391462785682957341,25,3.5
417,....28..3..4..9.......37.9623.....7.1...96.....9....1.5............42..8..18...6.,695128743374659281812437596236514879187296435459783612548361927763942158921875364,24,3.1
418,4..2...9.....3.8...3.67..1...5...2.67...4.....1...5....72.8...1..4..1..7........9,456218793127539864938674512845193276769842135213765948372986451594321687681457329,24,2.2
419,.......8.1....2.46.826.4............4..5.17.....826........5..7.9.....2..5.31...8,649173285175982346382654971516749832428531769937826154863295417791468523254317698,24,3.4
420,5..6..7..2.7..8.1..1...9..3.9.......1...465......8...99.4......62.8.4......5..3..,549613782237458916816729453498235671172946538365187249954361827623874195781592364,25,3.5
421,..7.5.2..35..7.4.86......57......86......1....639...2.7..5.3...1.67.......819..72,917854236352679418684312957271435869895261743463987125729543681136728594548196372,29,2.5
422,....7...8.7.1...9..1.9...4..5.3.9..6.6...1.5...8..42.92...4.7..58.........62.....,329476518674158392815932647457329186962781453138564279291843765583617924746295831,26,2.2
423,.6..87....2..9.5..43...2...7..8.......1....9....315..2......98....7....32......6.,165487239827193546439652817742869351351274698986315472673521984598746123214938765,23,2.2
424,.19.....3......7.4..2...5.....8519......42.6...8.......3.68.4...7.3....1.84..5...,519476823863529714742138596426851937357942168198763245931687452275394681684215379,25,2.5
425,8.3...9...5...97.....3..6.8..2.....6.195....36..1.3...5.8.2......7..5...2..4..3..,873654921156289734924317658342798516719562843685143279538921467467835192291476385,26,2.2
426,..3...5..1....4.8..24.6.............7...9.....924..8.1.4.....7.8.62.9.5..576...2.,683912547179534286524768913468123795715896432392457861241385679836279154957641328,26,2.3
427,81.......4.3.62..5....73...7..2..4..6......8..25....9.1.......7.....6....9.4..1..,812549673473862915956173824789251436641397582325684791164928357538716249297435168,23,2.3
428,..78......1.........8.2.6.42..748...3..5..1.2..6.........1.6.9......5.8.........3,627814359419653827538927614251748936384569172976231548843176295762395481195482763,22,2.8
429,....31......7...29...26.34.........6.9...87.34.........1894....73.......9....6.71,249531687563784129871269345382175496196428753457693218618947532735812964924356871,25,3.1
430,....4..3..8.5....2.53....9.1..4.....9.....2.7...7....1.1...8.295...7.....7.9..6.8,761249835489563172253187496127496583945831267836725941614358729598672314372914658,25,3.0
431,.8.4..71.....6.93.5........6...23..1.........8.76..3..39.8...6..4...95...7.......,983452716724168935561397284659723841432981657817645329395874162146239578278516493,24,2.2
432,.........7..2536.....6...28.5....1..39...7...4..5..9..2.64..5.....3...64.1......3,162784395789253641543691728657849132398127456421536987236478519975312864814965273,25,2.1
433,84..3....1....9..7.3..7..4.3...1.7....6..58.4......1...72.....15..7.6...6........,847532916165489237239671548358214769716395824924867153472953681581746392693128475,24,2.7
434,....4.3...1.5..8..3..2.7..9..8...4....5..4.7.7..1....8...3......6...9.5.9...1...6,589641327217593864346287519128976435695834172734152698472365981861429753953718246,24,3.5
435,...84...64...752...57.23.8.2.....5....8.3...1....9.8.7.9.......3...5.....2.7...4.,932841756486975213157623489269187534748536921513294867894362175371458692625719348,26,3.0
436,.....3.9......86..6.........3...9.4.5.61.7..9.49...2....7.....1.5.2..47....7.63..,281563794395478612674912583738629145526147839149835267867354921953281476412796358,25,2.1
437,65......4.8.4.......179..3........59..8....1..7.3....2.6......34...3.27.....296..,653281794789453126241796538316872459528964317974315862162547983495638271837129645,25,2.7
438,9....752.8..4..7.9.....983..2.64....13.....4......265....2..9..3.2....8.47.......,914387526853426719267159834528643197136975248749812653685234971392761485471598362,27,2.5
439,6....3.8.....6.1.4.7....5..23...7.5.59...........3.2.87....9..3.5......19..6..7..,645713982329568174871294536234187659598426317167935248712859463456372891983641725,25,2.7
440,....35.....58..6..3....6.7.42..9.3.8..3.....7.18....45.6.....2...16......4.2..8..,692735481175824693384916572426597318953148267718362945867453129231689754549271836,26,2.3
441,.4.....53..692...425..7......7..1.....86..9...........1..2.........8..65.63..4...,749816253836925714251473698327591486518642937694738521185267349472389165963154872,23,2.6
442,.2..97......4..6.....32.1....2..895.........8.49....1...5....39......7...7.5.32..,421697583593481672786325194362148957157936428849752316615274839234819765978563241,24,2.3
443,.53..4..1....69.3.8...3...27......6.1..3..4...8..52.........7..4.8...9....1.....6,653724891214869537897531642745198263129376458386452179562983714438617925971245386,24,3.2
444,.3.2..1......9.....6.4.89........76..26..7.....7.3...52.3...48.8..1..5.2.........,539276148148395627762418953351982764926547831487631295213759486894163572675824319,24,3.0
445,.1.8........5..8.464......93......2......2.9..9...4..1..2.1......7...6.....28..17,715849263923561874648723159371698425854172396296354781562417938187935642439286517,23,2.5
446,....8.....9.6....2..6...49...2.........94.5....4.5...7.1..6...83......454....32..,245189763791634852836725491652317984173948526984256137519462378327891645468573219,23,3.3
447,8..6.......613...9.97.4......5.6.8.71.....5.........136..4.......87..1.5.3....2..,814659732256137489397248651945361827183972546762584913671425398428793165539816274,25,3.5
448,.1.8..4....6.7.....87.39....3...26.4...74.9..4..9....5.2.1..5.........2...3...7..,219865437346271859587439261931582674865743912472916385628197543794358126153624798,25,2.3
449,....8.4...85....2...6.4..7......8.53.7..21....5....28...74..9.....3.2...........7,721983465485167329936245178142698753378521694659734281817456932594372816263819547,23,2.8
450,.8..7..6.97..........5..2...1.4.9.3.........27..15....6.....9.4...68....5.82.....,285971463974326851361548279812469537456837192739152648623715984197684325548293716,23,2.6
451,8..3..1..6.4.........7...2..961.......1....3.....6..5.7..4....89....8...5..9...72,875342169624519783139786524296153847451897236387264951713425698942678315568931472,23,2.7
452,4.....2.6....3...9.975....1....7....7.3.6.......2.8.9......3..51.672.......1..4..,438917256561832749297546831985371624723469518614258397842693175156724983379185462,24,2.6
453,..7.6.....31..95.2....8.14............9..5..475.9...8....7213...6.......2........,547162893831479562926583147612847935389215674754936281498721356165394728273658419,23,2.1
454,..3......98..1......169.5.7...2...14.3......26..4..3.9...56.........47...4......3,563742198987315426421698537759236814834951672612487359278563941396124785145879263,24,3.0
455,6..51..4...4.2.1..1..8...625.....47...96....3.8.....2.....485...7.........3...2..,627519348834726159195834762512983476749652813386471925261348597478295631953167284,25,3.5
456,.71....6.......83...8.....25..8.3.4986.5....7.9...4...2..7.........4..7..1...6..8,971238564652497831438165792527813649864529317193674285246781953385942176719356428,25,2.5
457,.987..4....6.8........14..7...6...32.6243.9....5......8....9.5..2.....94......2..,198765423476283519253914867984657132762431985315892746847329651621578394539146278,25,2.2
458,....1.24.2..7.4........8..76.24......91...86..3.5...........13..4.....59..5.6..2.,578319246269754381314628597652481973491237865837596412726945138143872659985163724,25,2.1
459,..856.31..3...7...5...4....26....75....7.....95.6........25...14.1.........1.4..8,748569312136827945592341867263418759814795236957632184689253471471986523325174698,25,2.1
460,8....6..2...94....79.2..4....6.81.........6..58..3..........35..2.1...8...4...2.9,841376592263945871795218463436781925917524638582639147178492356629153784354867219,24,2.6
461,1..9....7.3...4.....2.7.98....3...9...5..2.71.1...........9.4....4.8...6....6..1.,158936247739824165642175983276318594985642371413759628861597432394281756527463819,23,2.1
462,.2......11...46.2.3...2.79.69....83....83............7..7685....31...9....8......,425798361179346528386521794694157832712834659853269147947685213531472986268913475,25,2.8
463,.9...1..4..164.57...8...1..75.....2......3....4.2....95.7.....2.....6.5.21.....8.,695871234321649578478532196759164823162983745843257619537418962984726351216395487,25,2.7
464,..........4.2.35...9...4.764......251.....3...32..71...59.1...4....8...........3.,527896413641273589893154276478931625165428397932567148759312864314689752286745931,23,2.4
465,.32.8..6.7....4...9....6..8......81.....9...54.......9....52.8.6...492....1...5.7,132985764768214953954376128596437812827691345413528679379152486685749231241863597,25,2.7
466,......54.24.....1.1...96....8.61..9..1.....3.45.2....7......9..3.4.8......8..2..1,896721543247853619135496728783615492612974835459238167521367984374189256968542371,25,3.2
467,32.7...1...5.....9.79.12..5......4.....95..31.1.8...9.........6.5.23....8..1.....,328795614165483279479612385597321468284956731613874592731549826956238147842167953,25,2.7
468,..9.18...3.7.....861..........8..7.......245....65...1.....13.7.4.793......46....,429518673357946218618327594165834729983172456274659831596281347842793165731465982,25,2.4
469,68...1..7......23..9..8....1........4.9..28...2.47........6.9....81..4..5......76,684231597751649238293785641136958724479312865825476319317564982968127453542893176,24,2.8
470,....8....1......6.974..6....294....8.5...132.7..........12.3.89........5..59.7...,563189247182574963974326851329465178458791326716832594641253789297618435835947612,25,3.3
471,.9...6.42..35...7.5....7...........3..23..6....4...19.94..52....8..6..2....4.....,791836542423519876568247931659174283172398654834625197946752318387961425215483769,24,3.2
472,3...72.4....5....395..4..6.7.9.3.1...4.217.....5.........96...26.4..3.5......1...,386172549471596283952348761769435128843217695125689374537964812614823957298751436,27,3.4
473,9....3....2....4....1..9.86...4.....7....539.16....2..6.931............82...5....,976843125825176439431529786592431867748265391163987254689314572354792618217658943,23,2.6
474,...1..5.65...6...7.8..45.9..1...96....4...17..9......4.......317...........683...,479132586532968417186745293317429658824356179695817324268574931743291865951683742,24,3.3
475,9.....8.....6.....156..7....3...92.66....8...4.9.....5..5....2...2.3.79.....4....,974125863283694517156387942538419276617258439429763185395871624842536791761942358,23,2.7
476,...42......5.39....46....9..34..56....264....9.......53....78........35..8.9..7..,893426571215739486746518293134895627572641938968372145359267814627184359481953762,25,2.1
477,........9..5.9......85...7..2..8...7.1..5.2..8..4.3.....41..7..37.....8.....6..42,146378529735296814298514673529681437413759268867423951684132795372945186951867342,24,3.1
478,.8.2.67.......1...9..4..65..7.....2......3.........435..5.7.......1..97..189....4,581296743467351289932487651379548126154623897826719435695874312243165978718932564,24,2.4
479,6....32.1.1.7.5.......2.43.49.68...2..1....9....2......6..5.7..7.....9.4.48......,654893271312745689879126435497681352231574896586239147963452718725318964148967523,26,2.6
480,..621.9.8.....423..3.....1..5...8...2.9...5...1.4...7...7.9...3........238.......,746213958198754236532869417654978321279136584813425679427591863965387142381642795,24,3.5
481,.7.....1...9..3....8.6..932..6.27.9....35...1...8.64.......53..4.5......8.....24.,374592816269183754581674932136427598748359621952816473617245389425938167893761245,26,2.2
482,..5..1..6.....9.2.3..8..5....4...2....97....35.....6.74..9.3.......7....8..5...91,785421936641359728392867514174635289269784153538192647456913872913278465827546391,24,2.2
483,...4.5.1..3....8.......9.....4.....7........9.89.3.14..51..89..7.2......3....7...,927485316436172895815369724264891537173524689589736142651248973792613458348957261,22,2.2
484,.67.....5.4.....8.3...9.7....8...647..4.165.8....2.........2........83...7...5...,167483295549267183382591764218359647934716528756824931895132476421678359673945812,23,2.3
485,...1..6....2......548.72...9...26......5......36.948..8.......5..9.......5.4.83..,793145628612839547548672193985326714427581936136794852874913265369257481251468379,24,3.2
486,.......1...16..4.77....4.8.63...7........6.......23.98..7...8...63..874.59.......,384279516921685437756134982639857124842916375175423698417362859263598741598741263,25,2.4
487,..6.1.7...97.841...42.....8..3.....14...75...2.....6.......74.6....4.......2.6.5.,836512794597384162142769538753628941469175283281493675328957416675841329914236857,25,2.4
488,..6...7..9.7...5.351.3.......9.5.37..5....4..8...2..1....4.2.......8..6.1.596....,386245791947816523512379648469158372251793486873624915698432157734581269125967834,26,2.6
489,....1..4.7...8...2.1...63.5...5..26....1........6.4.58.4......95.3........8.29...,386215947754983612219746385437598261865172493921634758642351879593867124178429536,24,2.4
490,.........96.4...215....8.762...4...8.....7...3..2.5....8...4....3....98..1.7....2,841672593967453821523198476276941358154837269398265147689324715732516984415789632,24,2.7
491,....62.....54........3...1.....8...34.6.7...2.3.9.....7....62..3.....19...9....5.,913862475865417329274359618127685943496173582538924761781596234352748196649231857,22,2.2
492,....6....5....4.9.918.5....8.3...6......4.25..6...3..8.395........8.7.....7....1.,374961825526384197918752436843295671791648253265173948139526784452817369687439512,24,2.2
493,25.7.....6.735....4.8....5.1....763...46....1....12...8.3.....6.....6974.........,251749863697358142438261759125497638974683521386512497843975216512836974769124385,26,2.1
494,...8.7...7.....3.2.4.36.98.6...5.......9.48............1...2..3.32......4..7.5..9,396827541781549362245361987679258134153974826824613795917482653532196478468735219,24,2.3
495,4...78........3..4..9.2.8....63..1....8.6.2...1...56.99.....4.6..15.....73.......,453678921182953764679124853546392187398761245217485639925837416861549372734216598,25,3.1
496,..1..6..5..89.126..2..3..9..4......8......5..6.9......9..7...5..8...9.....28.34..,791426385358971264426538197245617938873294516619385742934762851587149623162853479,25,2.8
497,..739...1.....7.94.9..5......87..6..9.14....7........5.4........5....8..7.3.68...,287394561315687294694251738538719642961425387472836915849573126156942873723168459,24,3.2
498,2..95.1....7.....25..36........4..23..8....9.3....1..8..1..3.7...2.......6..28...,283957164697184532514362987156849723478235691329671458841593276932716845765428319,24,2.6
499,....17...8..3..6.9..........8.........674382......25..4.79....6....2....1.9.....4,965217438812354679374689152283165947596743821741892563457938216638421795129576384,23,3.2
